{
  "hazardous": {
    "precision": 0.8076923076923077,
    "recall": 0.7446808510638298,
    "f1-score": 0.7749077490774908,
    "support": 141.0
  },
  "non-recyclable": {
    "precision": 0.7142857142857143,
    "recall": 0.6185567010309279,
    "f1-score": 0.6629834254143646,
    "support": 97.0
  },
  "organic": {
    "precision": 0.7387387387387387,
    "recall": 0.8118811881188119,
    "f1-score": 0.7735849056603774,
    "support": 101.0
  },
  "recyclable": {
    "precision": 0.6460176991150443,
    "recall": 0.7373737373737373,
    "f1-score": 0.6886792452830188,
    "support": 99.0
  },
  "accuracy": 0.730593607305936,
  "macro avg": {
    "precision": 0.7266836149579512,
    "recall": 0.7281231193968268,
    "f1-score": 0.7250388313588129,
    "support": 438.0
  },
  "weighted avg": {
    "precision": 0.7345632294413965,
    "recall": 0.730593607305936,
    "f1-score": 0.7303258119630972,
    "support": 438.0
  }
}