accuracy,precision_macro,recall_macro,f1_macro,precision_weighted,recall_weighted,f1_weighted
0.730593607305936,0.7266836149579512,0.7281231193968268,0.7250388313588129,0.7345632294413965,0.730593607305936,0.7303258119630972
