train_loss,train_accuracy,train_macro_f1,val_loss,val_accuracy,val_macro_f1
1.1441785880948094,0.5521803037726605,0.5445692202319524,0.9242533118757483,0.7077625570776256,0.6946166760134797
0.9027045577370262,0.6668299853013229,0.6612511510526345,0.8245375953852858,0.7328767123287672,0.7212167897309957
0.8185274471610507,0.6903478686918177,0.6855908606034556,0.7624851326419883,0.7351598173515982,0.728111346142751
0.7711770610152828,0.7168054875061245,0.7134405341826543,0.74111440383136,0.730593607305936,0.7203534303177561
0.74609710885753,0.7212150906418422,0.7159107183458369,0.7316413396569692,0.7397260273972602,0.7312407394875131
0.7260173296063978,0.7295443410093092,0.7241421450553486,0.70642566599258,0.7374429223744292,0.7300798946940753
